{"cameraMode":{"drawMode":0,"name":"Shaded","section":"Shading Mode"},"sceneLighting":true,"audioPlay":false,"sceneViewState":{"m_AlwaysRefresh":false,"showFog":true,"showSkybox":true,"showFlares":true,"showImageEffects":true,"showParticleSystems":true,"showVisualEffectGraphs":true,"m_FxEnabled":true},"in2DMode":false,"pivot":{"x":604.2179565429688,"y":370.9953918457031,"z":-24.42205810546875},"rotation":{"x":0.010153364390134812,"y":0.07820252329111099,"z":0.0008801856893114746,"w":-0.9969748258590698},"size":484.8170471191406,"orthographic":true}